Ticker,EPS_MA,RoE_MA,RoA_MA,NOPAT_MA,OPA_MA,PR_MA,APE_MA,GP_MA,EPS_GR,RoE_GR,RoA_GR,NOPAT_GR,OPA_GR,PR_GR,APE_GR,GP_GR,avgSlope_MA,abgSlope_GR
PBR,0.7766666666666667,0.06995,0.02235111111111111,1.6382277014549045,0.018710290927869414,0.011295023209634832,0.19731625678612386,0.13111681838391695,2.899978112711274,3.5811166145687765,3.5097613289838936,0.7721027375989901,0.18688558900982888,1.3840798217270196,-0.030120317429735605,0.01772998202976006,0.014020052815789087,-0.005327083404371297
XPEL,0.3023333333333333,0.3913311111111111,0.23983222222222225,0.3018304811649256,0.24394827394827395,-0.003121792845631246,0.452985347985348,0.8484804084804085,1.29064689981519,0.5077298873000619,0.7441811314131219,1.2567311083672563,0.7924508447249249,0.1380711874576984,0.2701709129226704,0.02171728091953562,0.08936865747156067,0.09691041706284263
AMD,0.11222222222222222,0.1959544444444445,0.02999,0.2910275717805871,0.020129396309077164,-0.0045436462522752295,1.0582630209993529,0.4817989377068704,0.8802244746182863,0.04158929777478552,0.42637256643098026,0.4581083526155113,1.0358334703210084,0.0,-0.19900108539262545,-0.020686392529525383,0.063025,0.13469216039133786
IBM,9.728,0.5205422222222222,0.07082666666666666,10.572542145354845,0.059657659486132476,0.01820116464326817,0.9377129022939441,0.2844964171258788,0.12084109402008415,0.025444344514575598,0.017495004553223874,0.08508748447059218,-0.3976663746112147,1.6243316243276515,-0.1844231011733588,-0.1329457872597095,-0.014332259806842294,-0.03454713765834493
AAPL,2.9745555555555554,0.5833655555555556,0.16150444444444442,2.906936691512241,0.1595382704337368,-0.03140046433109052,0.9312826297640836,0.29436305472482416,0.09137034719326402,0.2427952595535977,0.060319553471771835,0.10022282593600568,0.0563159651336318,0.06489581386001649,0.33567429424905404,0.0827626367234114,0.04297741576977178,-0.03170264750363338
AMRC,0.7637777777777779,0.0992288888888889,0.03308,0.8400144215318464,0.011264207305133092,-0.002636016657434234,0.11977192762353901,0.1417065586472256,0.6081500394012734,0.2694086085983429,0.1932951643726893,0.14445431548219115,-0.16643142936358812,0.4714045207910317,0.10449869613230238,-0.112354072900744,0.01088489126966252,0.3509545737996479
NVDA,4.940777777777777,0.37185,0.24913666666666665,4.7095915356832565,0.20645664543835301,-0.004132860148231056,0.573036867991662,0.4654889538178528,0.026811471206297604,-0.1839761048351125,-0.15018014527170684,0.005456065731572091,-0.2075401537963696,0.6151249192616728,-0.15825908912992706,-0.1335353183510384,0.014355374250817026,0.30591801480947545
CMRE,0.574,0.04816222222222222,0.02059333333333333,1.6209237051783996,0.020848007360740703,-0.021319727663376472,0.07940881717682259,0.06926147952676423,0.2076252780314628,0.17376244560976573,0.1832067458328599,0.15788552534295788,1.4425680087025048,0.9908542316917494,0.1996540562562925,0.16604872877495105,-0.010520453393445638,-0.4895462518744287
AMZN,16.366111111111113,0.20890444444444445,0.05197555555555555,17.566383252142515,-0.034557478367205664,0.0,0.8983553914467842,0.3424871887298204,0.7160433334513226,0.177412749381284,0.2970051961522009,0.6250532013183223,-0.16462643311014544,0.0,-0.10037848845743658,-0.02205693898763772,0.010639363924932472,0.3427374652741544
XOM,4.043333333333333,0.09265111111111113,0.049652222222222216,2.6670369246524688,-0.01062050555839872,0.056693347962305386,0.2513746900258706,0.16923164913910754,-0.16435147648785553,-0.18412475562773256,-0.17570993123286335,-0.172326235431131,-0.9286273545568048,0.4302024783045737,-0.08967945856289057,-0.08451246506095593,0.007977284219662938,0.13556631654108664
MSFT,4.4928888888888885,0.35663666666666666,0.12581333333333333,4.386938808795239,0.11309927074000052,-0.0038569597132364682,0.5618745823392529,0.29666536410821803,0.33584592948168407,0.15934448125555364,0.2299771591747902,0.365919368099841,0.15300236140334325,-1.0329399888865174,0.03311776917531972,0.06773201539833378,0.01772843172925188,0.04354464472326797
MCD,7.1264444444444415,0.15824000000000002,0.15884333333333334,7.740752416634438,0.18795699378541136,-0.015929931798103994,-1.2971961703568604,0.2887981743760881,0.09641803261973984,-0.08333333333333333,-0.047796309353963874,0.12315946224911944,-0.14511612804841667,0.19752929729191374,-0.006073861890369607,-0.1498763334605122,0.007076489136261682,0.04009046723712795
JOE,0.4961111111111111,0.05657222222222224,0.034617777777777775,0.2917452476533908,0.013495100929230236,-0.0772051631324243,0.07639228111211005,0.05835343740436725,0.27403748774101505,0.2927265270792238,0.23435008994532106,1.0570222365207502,0.6254466105311719,0.4841195663127011,0.3274783328744828,0.19294317056836027,0.013572836488223869,0.2985024816359831
GOLD,0.41711111111111104,0.04489333333333334,0.02408777777777778,1.1153319349974256,0.009528841048605158,0.008396317751872181,0.16832762478024715,0.08785329470323737,1.1251785322519583,1.023862866197048,1.2071404345213028,-0.08527392320223404,1.230065921777424,0.9590650727920744,-0.29425266190576777,-0.210207585735381,-0.0022623330979566303,-1.1418611082511312
BBBY,-0.8671111111111114,-0.04971333333333334,-0.010221111111111113,1.8336261860825744,0.012127467244941664,-0.058238947515233036,0.10135425948826438,0.5760710410442328,-1.8825980392156865,-2.1803736719877764,-1.6165474651344989,-0.8469308339845187,-2.578838257753387,0.5059523411419741,-1.054901938763537,-0.17644392570253578,-0.08050077896997614,1.1348510549413615
RS,8.612777777777778,0.1306122222222222,0.07743666666666668,9.623674461277636,0.08171680884729354,-0.008096383180425961,0.14910678182055034,0.3650315492738091,0.18359896672245896,0.07304369503767427,0.1059316235735792,0.14417180665734464,0.16897769815178565,0.4292585186447895,0.07947637791732258,0.03931087908349765,0.014838434616839912,0.05142616470415173
SNAP,-1.1708888888888889,-0.6681255555555555,-0.5372666666666667,-1.1985218794760144,-0.5085110854864353,-0.0828548009033348,-0.2690238160797371,0.1138176151286575,0.09710683582546956,0.12433390438976599,0.21065970717417395,0.0696545227271093,0.2615789620395669,0.5580448707559894,0.33328891090810914,0.7937338432361333,0.09137402579691373,-0.1739145632648459
DHT,0.1468888888888889,0.02246,0.010953333333333334,0.5788917277268729,-0.010599067682736708,0.04493067566236604,0.038503343791321774,0.0572374202902393,1.525340862657654,1.5298125487630319,1.4881378745605385,1.7323786859998829,0.5408539471596526,1.0530463983485336,1.4891858223130081,1.2786876942425287,-0.016837423063485842,-1.5237578838651982
PG,3.472111111111111,0.18313222222222225,0.07559555555555555,4.107064375940605,0.09648193881816827,0.004566194832868918,0.2848147292795797,0.2840060158640112,0.9026061980380192,1.0318172265435916,0.9094910956813236,0.2053337601843417,0.08410888992735595,-0.4318241264746739,0.13806250579807075,0.03715935089785338,0.001694982578679522,-0.09121666447093853
EMN,6.935777777777778,0.18901888888888888,0.06245444444444445,8.70467711869956,0.051835791741866456,-0.0015900834265060455,0.2589633036622893,0.1489158923149689,-0.17415871278643036,-0.2606100561965741,-0.1978902464977761,-0.07570743221987349,-0.13665462775974374,0.40604199420874537,-0.11884763440803615,-0.05646213468411997,-0.012644413715626548,0.062215812632866324
KSS,4.5205555555555526,0.1373177777777778,0.05626,6.191474922836488,0.03161371241760291,-0.009992856080826774,0.37801668326731225,0.584213476816474,-0.037712453271579606,-0.07993657740045412,-0.08880399614413885,-0.04918039555090733,-0.29317182948284193,-4.7293457577880496,-0.0592700154837101,-0.06535121047231572,0.006381533136484513,0.08842351607890027
BHP,2.4130000000000003,0.12478555555555555,0.05912000000000001,3.5057481593418647,0.08405024627588692,0.04223501035730958,0.4024277598729498,0.2411529803761857,0.28047197738820595,0.3346688984170712,0.3011500960583455,0.12083647726002515,0.1313109893641623,-0.1086766380587468,0.10120337028749188,0.057946651544169815,0.034339453193408594,0.1843913249699707
TSN,5.997111111111113,0.17173,0.07281222222222222,6.667559298782423,0.061279761502297476,0.0035249626395621406,0.18828225958901496,0.16278791072749102,-0.008685508203446823,-0.11523036141654693,-0.10275631476818148,-0.00208681458580795,-0.06322091202544723,3.455684367298133,-0.06509747513867521,-0.03695325644328085,-0.009389760598853904,-0.010615208182724515
HPQ,2.3596666666666666,0.02508,0.10609555555555557,2.168607014498705,0.08050493009644588,-0.0493085927838315,-4.758378872654107,0.2997339249721087,-0.07551936255764984,-0.08333333333333333,-0.04643860513473234,-0.08757055992780073,0.44340477354079816,-0.4155673802676492,-2.465224357692441,0.17681489827166388,-0.005221864737193249,0.0598380080259443
FB,6.099111111111113,0.22646,0.19415555555555555,5.959426083606927,0.1722649372410026,-0.010268295775033812,0.3761694897794669,0.4329213520834641,0.1452720854470696,-0.051312992841510516,-0.09714004606643813,0.13278238148742905,-0.1373933011912988,0.16304657016882926,-0.0037999479109749688,0.0077364149520314784,0.02205181107571392,0.2437024936395492
COP,3.4797777777777785,0.1254177777777778,0.058106666666666675,3.3862547999074515,-0.003329262500894112,-0.02281919940499442,0.19580703200368355,0.1105561391809822,0.9787211564770438,0.9022150081130976,1.0175769375239303,0.30285055802015354,0.05520289412987797,-0.5441227396311614,0.3743774962255009,0.3937713316880087,0.06281076213613149,0.17110192898104
CRS,1.966555555555556,0.06612111111111113,0.031111111111111117,2.4102785436367222,0.016963540022900934,0.02147807672851764,0.10253416411170882,0.11886160188066815,-0.7932361260393341,-0.7991692547877948,-0.7996655848886955,-0.4987902601563419,-0.5128592890397435,0.14276015357405747,-0.1765387960856695,-0.11556764954371768,0.004213583924705015,0.26455327822438457
BEN,2.0008888888888894,0.0987188888888889,0.06579777777777777,1.9607799168008888,0.0901012213665241,0.003745274327591357,0.147383612000103,0.1456191966714701,-0.13210759725020954,-0.13343723876752145,-0.21987923763287687,-0.09364359371647042,-0.39558715204392064,0.6501708257999074,-0.2323295164301324,-0.2683583645310761,-0.017893980277968513,0.0961369379222646
EGOV,0.7928888888888889,0.29453111111111113,0.17917222222222226,0.7815748590381426,0.1989257460716309,0.016429612936462,0.515851443956594,0.43763356205854737,-0.03548373965702226,-0.20254576392008813,-0.13706028864737896,-0.057817395003088766,-0.2512961912493097,0.257993203644354,-0.16018520133631778,-0.10733867768231686,-0.018322968435017385,0.08382301580803866
HRB,1.4328888888888889,0.9845877777777776,0.09849333333333332,2.0147380138019564,0.10397622962632047,-0.02609309885985917,2.01616218779869,0.3486175579984464,-0.5943973682556349,-0.5986150870162088,-0.5908144664907096,-0.41204703433209056,-0.8319664857987229,-1.6225333629828704,-0.13257408598466222,-0.3778227167482614,-0.14127834891764374,0.3094657977233105
RTX,6.442777777777778,0.15874222222222226,0.047777777777777766,7.162062259906306,0.048274195623539774,0.006920948998328493,0.2451863246086633,0.1439884878964742,-0.008167991133447275,-0.10792619663653524,-0.1246984925519878,0.053753556107188766,-0.17763445178932832,0.12365688223113835,-0.026646801883194567,0.01632260138415616,-0.009339755275736016,-0.023415477909670912
JNJ,4.715777777777777,0.20891666666666667,0.08482333333333332,5.254656346235379,0.08784133348797088,0.007901256055410567,0.5009931825556267,0.34729067376905565,0.8237894094091065,0.8672207901745889,0.7623419628654909,0.9042101278559008,-0.029726600785369706,-0.0868764736173766,0.06583077217676554,-0.0035225572699583148,0.016944999999999988,0.008249217059534325
TMO,7.313444444444442,0.11209333333333334,0.05409666666666667,8.279381760324497,0.02657662129554951,-0.008384806549594158,0.14497598442002946,0.1877980439350133,0.2385975472776861,0.1375905794697768,0.1802227826303273,0.12588916518737006,0.221185871068952,-0.7999412629780712,0.043747169313329184,0.02971006641148577,0.0049199759241535385,-0.0054199637146927215
MUR,1.92,0.0698411111111111,0.030425555555555563,0.8173585539480384,-0.06975823009194053,-0.030726773730711174,0.04659375600160996,0.060414774468230126,1.2131715079346326,1.0577736580446129,1.0461870745082509,0.2069010920464626,0.05026318955590922,-14.708737274804475,0.8542227140350843,0.5690185191630551,0.03861756291664205,-0.36017277498242384
EQT,-3.3261111111111115,-0.0806111111111111,-0.041736666666666665,2.1699665042896568,-0.05612338166541523,-0.09714598996702413,0.017202291756902702,0.03207596225227983,-0.9144183911560688,-0.8108537256640961,-1.0931596851492946,-0.6925686254818989,-0.7214864278168486,0.5537762615564045,-3.816288532347065,-0.2333470200453211,-0.0039853197148122755,-0.0930620229341176
TSLA,-1.3062222222222222,-0.27705888888888885,-0.04577888888888889,-0.5565899231193453,-0.08021460578823557,-0.005480425469282853,0.03834634348766162,0.11379475914142165,0.15520470066684808,0.2499229184503843,0.21161342219979606,0.6456347335301582,0.1658471759483006,-0.1551999835911805,0.31877005524552154,0.03927441447662187,0.038853699142765485,-0.02092346255921557
NFLX,2.6152222222222217,0.2357,0.048081111111111116,3.422519528134172,-0.242046282758878,-0.0006572061557218983,0.4386619651494567,0.21663987653649147,0.7728245264825496,0.2737819594698783,0.31765845803328635,0.6210679958236499,0.1242994920763713,0.34573075596938146,0.05161320766046873,0.037636714218411166,0.02717132039358037,0.07114899826582094
KODK,0.6829999999999999,0.5195944444444444,0.02067555555555555,-0.6333002205836012,-0.0872782298291502,0.028971708894354273,0.0035933028044072,0.1343454685908816,1.3714896091842097,1.1976354415530357,1.5232358515658326,-0.3055189287940889,-0.08849976306392322,-0.3266944296537053,0.07026972849934214,0.0069309603361695045,-0.017702153866713876,-0.4061507684845272
PVG,0.10533333333333336,0.020798888888888888,0.011466666666666668,0.3222329641245332,0.024991128796225958,-0.02423792285907276,0.06091501844519516,0.07094516944687658,0.4860617022596399,1.0205094186910837,1.0381231465980405,0.5525030543164019,0.611213222648053,-15.200813611695596,1.6090565263606629,0.338549917120085,0.024028269068865737,0.6121708759722972
APT,0.21744444444444444,0.09353111111111112,0.08577444444444443,0.18556941339270752,0.06101452726839724,-0.0612281797749629,0.1245590990550668,0.4841673061487303,0.13808331606691246,0.06776547884911814,0.05739360060455915,0.14605660358317385,0.04371937950694997,0.4006704314695035,0.03675982786815701,-0.0623931226363165,0.0102125,0.2637502210551532
GM,3.8017777777777786,0.14469444444444446,0.02566555555555556,2.7406763318600653,-0.031042721954898836,0.01651356068366936,0.13429887348099442,0.06941417884973873,0.2313481947340929,0.188929246343182,0.18899221497102628,1.158591799165865,-0.4151358686301981,0.3497944733441289,-0.060646026335535584,-0.08584112779948183,0.010005000000000005,-0.0047053639703563705
UBER,-3.018333333333333,0.5127744444444443,-0.11773666666666666,-3.9190906098751737,-0.2009070266881952,-0.04882165392551078,0.00444999406268332,0.19980873808820016,-0.6189904394008474,-0.6892870234604106,-1.4807997989619466,-1.0054392641380812,-0.4033150502136459,-360.4082145410748,-1.8326753373335047,0.04110214328067152,-0.016966718204442798,0.4544652675953079
NTR,3.044888888888889,0.10915888888888887,0.05622444444444445,2.705067719858802,0.006900664983781619,-0.02291088051620206,0.07879018228409444,0.09998728620597068,-0.1870371893210719,-0.3492504172285737,-0.3374058666830099,0.14599704364001484,-0.12977149961546605,-1.2726564501979651,0.16032405657855686,0.21376177719694425,0.011356380980320404,0.06796305978697811
CF,1.5852222222222223,0.11325888888888888,0.028312222222222218,2.6277086176335613,-0.007397635615352037,-0.006229054412064432,0.16843348265934086,0.07574587425448008,0.3124381942509768,0.3908811081680234,0.31921159870791443,0.4557966500608999,0.44638461855703854,-0.08448195641929779,1.2250440611552424,0.3348078589791991,0.009876550373754726,-0.3634304054801326
ADM,2.777888888888889,0.08573666666666667,0.03879666666666667,2.727977270885892,0.020043235227744115,0.012083256037193426,0.07562492425382687,0.09603390425379936,-0.1162292283791872,-0.14515158465817574,-0.1485262104503232,-0.0710443174203188,-0.19377219123179,1.4057429502915624,-0.1146781886995758,-0.018771638735135543,0.0008958180977909711,0.09194042179215324
EVGN,-0.7607777777777778,-0.3156477777777777,-0.26561,-0.7975897435897437,-0.3215032818917017,0.0,-0.09441471999043212,0.004743558228071502,0.06470246009946272,-0.18882834239550905,-0.17005558332510898,-0.01982417494327482,-0.15077868058655966,0.0,-0.4678282698886122,-0.25,-0.01105023328618196,-0.13427970953878998
ALCO,3.0869999999999997,0.12366555555555556,0.05544888888888889,2.2005166666666667,0.015110468444292454,-0.038824874946011306,0.06850983869671358,0.08167041855921905,0.1457116032042751,0.023175617780070896,0.11918519674676258,-0.4172606580893327,-0.9139091695508524,0.6760815010315835,-0.5252434843643901,-0.3373243846482791,0.0256674231979703,0.34434678404807073
MOS,-0.3504444444444444,-0.014673333333333332,-0.006465555555555554,1.2411648311716268,-0.009859831094792241,0.001858731434363036,0.061367364718168775,0.059492286865758026,-2.5875198307773664,-2.7369170679910626,-2.57955077279696,0.0850353779918767,-4.810402981869042,-1.2208767153079676,-0.30632452675174743,-0.17797226355301735,-0.0031212440197299013,1.3794020556650473
RFP,0.2816666666666666,0.01942222222222222,0.007217777777777778,0.4986941181362921,-0.011185017175803724,0.09876545967394668,0.20700658644508885,0.24013043702678075,-0.278868986242982,-0.3082068237197962,-0.2948979843220461,-1.1463182222725652,-0.7669631954670655,-0.4914779049422322,-0.18254804679162945,-0.13129643004806288,0.025344009032873503,0.6558196841013075
IPI,-4.894444444444448,-0.05190333333333333,-0.03766444444444445,-0.1783469230769231,-0.06309109842230244,-0.031032215647600263,0.000933104927817766,0.049841125348316695,0.29453107903280035,0.3008575643822309,0.29520635470640033,0.3626900934683801,0.16438005692109434,0.1380711874576984,0.33498235742775617,0.43863322772951263,0.0610639594892345,0.058755747343798174
ICL,0.5331111111111111,0.20334222222222226,0.0775388888888889,0.432277497675439,0.03085055471716715,0.04250866522286808,0.17862667841297364,0.20128848849514194,-0.1694392439063704,-0.2624157469306677,-0.17724725703161154,0.03430825526921485,0.08976107164784015,-0.0011092457590555767,-0.15488999640062714,-0.01567492716354786,0.012103952316831614,0.060056505381821
AGFS,-0.6232222222222222,-0.09576666666666668,-0.03896333333333333,-0.13417687074829932,-0.06949915679891486,-0.00018018018018018016,0.09315430702383523,0.14420322630166466,-1.117801886571636,-3.2972939804229107,-1.9652672743777264,-3.6023809523809525,-1.5323534555102003,0.0,-0.012018698997911305,0.05191260579956521,-0.0107775,-0.004904787578591918
WLKP,1.6335555555555556,0.2717955555555556,0.035739999999999994,12.293528371265175,0.17363923688145275,0.016492552665092274,0.0,0.2664989129562945,0.07804673102344865,-0.03944930805884709,0.17658354764946696,-0.08144781292331386,0.006812165686161682,-0.2868102282306903,0.0,0.014532584338035318,-0.0010168270152739172,-0.04744744908335363
FUBO,-2214.106888888889,-0.2782077777777778,-0.1629911111111111,-1.8502525252525253,-0.07637157528461876,-0.007003672957791832,0.12599597175165933,0.003743961352657005,-0.3446868544437001,-2.1548073861827444,-1.7119883040935668,-0.15909090909090906,-0.5023629489603024,-0.03329251700680275,-0.3498341625207297,0.5833333333333334,-0.05211929461842504,-0.0483450283435618
BNGO,-3.362888888888889,-1.4936488888888892,-1.1561544444444445,-3.224126984126984,-1.1375555555555557,-0.4323250425400963,-1.9856419753086416,0.14244444444444446,0.10597987941143594,-0.5833333333333334,-0.027253575875841467,0.15840553426579618,0.0006758685569744719,-0.029429634692792545,-4.834595959595959,-0.11310546582568025,-0.01174249999999998,-0.11329550822347233
SXC,-0.21800000000000005,-0.03147555555555555,-0.01304444444444444,1.5014950094526576,-0.014996945932051269,-0.031197296821353526,0.4178269477218873,0.16294315172387627,-2.7274926992073425,-2.8186720734143123,-3.3821757610148326,-0.07664844170387497,-0.7285788417226634,-0.6552959678890714,-0.06776172648815489,0.1265449356178089,-0.012681538422116584,0.29470010963716586
HP,-1.0406666666666664,-0.03265777777777778,-0.02263,0.28278023181183226,-0.09158602397447156,0.11007948755821882,0.005869908695762542,0.04049568891244326,-5.145119061269732,-5.999620000052412,-5.972966721600603,-1.2681026046371575,-0.3944323774756249,-0.13420279917116362,-1.5438597507744842,-0.3215249465677115,0.00594885308901015,0.4966909356724281
RIG,-3.303111111111111,-0.1197988888888889,-0.06468888888888889,1.0494810227573277,-0.021230488842573395,0.004695373762842956,0.13520810573487846,0.1027214145257334,0.12441885695342825,-0.03646537265912005,-0.010585471240394143,-0.7227282783191107,-0.943509268776458,-0.08333333333333333,-0.05767950422906073,-0.04961823948549193,-0.02352653180498258,-0.16339096839300274
LNG,0.7556666666666667,0.0,0.003298888888888889,6.922683095362152,0.03749807685939775,-0.005602863056489185,-53.34131372375281,0.08484031548188914,0.4860403024237514,0.0,0.4207794981684436,0.3550426855394871,0.14194022585679794,-0.5833333333333334,-77.83424538333483,0.3859684147630087,0.014354599858997206,0.1328178514682134
INT,1.4184444444444444,0.05256222222222223,0.01723333333333333,3.101573177733828,0.03263993271349686,-0.015797898172975708,0.10777015642797574,0.1790960986705141,0.39956440414095457,0.3578545261501302,0.3403151615138409,0.15207149583814736,0.17205161971888236,-4.820048282926888,0.15290721061127158,0.027842251820314485,0.006926579737058563,-0.0901400163836121
MMP,4.699111111111111,0.4510633333333333,0.14375666666666667,4.312460233492514,0.0979590029924484,0.07568314802388056,0.0,0.23130425338214114,-0.03286979175761698,-0.12708382129750184,-0.09990892476060198,0.03637713134590307,-0.04196213679002477,0.2584062463571466,0.0,-0.044326602139476624,0.0063664002994712155,0.01347957721325574
GNE,0.15366666666666667,0.06440888888888888,0.03144333333333334,0.24344860146116185,0.04004313695960846,0.027843119067835133,0.10405812566162208,0.5557347580571624,-0.04851411484711055,-0.04243245880088745,-0.050116473248475416,-0.062335030482619125,0.2873399609959922,0.17803722237720712,0.3362263084530819,-0.01545570502667426,0.03741879313179665,0.5473685847572392
KMI,0.5831111111111111,0.03894444444444445,0.01693777777777778,1.0121786752650974,0.02034974822366236,0.0448500741814598,0.14646794316005826,0.09592443880970493,3.3375759664216518,3.5399713246368285,3.357779255457589,0.6160088495447177,0.01176238346094908,0.7298722646417173,0.03571641229350068,0.0527886148104438,0.006830088039696272,0.061768781011265726
COG,0.9483333333333334,0.1850788888888889,0.0938488888888889,1.1839958669975008,0.04477342293593495,-0.06266019209498698,0.30265889984271904,0.18573022025849809,0.9029362965786716,0.9531778372061868,0.9260036557819176,0.6822106806672754,0.644718744802845,-3.2540814498658466,0.8265932384250708,0.3084672188812541,0.080668194544149,0.2126473586664278
SBR,2.9766666666666666,8.415084444444442,6.141913333333334,2.8977777777777787,6.194215167548501,0.06263241786444232,7.704074074074074,6.589982363315697,-0.00032739468595976984,-0.08082690757566813,-0.12188181910855853,-0.003275866285877357,0.010199162144256127,0.28105122406383903,-0.05052785865314572,0.016615975993873138,0.032827170797849595,0.04284044126178816
CVI,2.9537777777777787,0.2513177777777778,0.07371333333333334,3.9301039793281656,0.04570756647742034,0.04439512618342992,0.2725109701023165,0.14479365938399386,0.2156261191227528,0.0870172435709154,0.2520717894951983,0.08979911367328845,0.42440103551958,-0.7633479322897725,0.5045123972688128,0.23905465407913376,0.03086020869969457,-0.012700482203207604
DRQ,-0.853,-0.02593888888888889,-0.024235555555555555,0.17842761666524828,-0.01918632524736176,-0.03224481677290398,0.028352566849164013,0.10394766685702098,0.25223154010801513,0.2544385460025467,0.253405278559768,0.2553042130482702,0.1495008020116748,0.0425298553890161,1.1463364777997196,0.045959508624737036,-0.027518114698706013,-0.8493107611704309
RES,0.19922222222222224,0.046311111111111115,0.03762111111111111,0.21102088390804474,-0.10189128771190567,0.032849213577237066,0.2705822909019063,0.3606325094660524,-0.7476138740037298,-0.7633559086053096,-0.7777511563287809,-0.5618376211661451,-3.169798437266085,0.472204467332161,-0.3003358534230944,-0.17184265370382676,0.03029208379527896,0.7131627696922547
DWSN,-1.0381111111111112,-0.17092444444444446,-0.14164000000000002,-1.1662714097496705,-0.3637967221710935,0.0,0.8864578318590648,0.8238614776488713,0.23924421023272865,0.13246950250485667,0.1538377159544978,0.2471250078169729,0.12684783935495866,0.0,0.13256438206834836,0.14077765188067018,0.051564949107003516,-0.0947988800522334
GHM,-0.04911111111111111,-0.003923333333333336,-0.0033422222222222217,0.2672516666666667,0.007230537493695387,0.02197265276175496,0.03111980521812738,0.13197354513143988,2.5198744162389914,2.541248842776604,2.358068896491643,-0.5080811099785335,-0.2785954792089683,0.029883605328750007,-0.09321730029696976,-0.06453963122283835,-0.0011843113927324446,0.07813461600224952
NOV,-6.196888888888887,-0.21154,-0.13846,-0.6781354425917131,-0.04821043976978556,0.003003764417132669,-0.02906731580470925,0.06265281236069255,-70.8072305974316,-91.63122646584185,-83.07146916737709,-1.2450883389623808,-1.1964382760251466,0.4644443990232876,-3.5770607037664015,-0.01777083364466477,-0.02248769921498695,2.8923429541930408
APOG,2.197222222222222,0.12620777777777778,0.06491666666666666,2.364779348811044,0.04257767288569933,-0.016588470959642464,0.16543058571128874,0.2997989683337473,0.11707337052740535,0.04759309097255208,-0.016127800649741324,0.1104415157561116,0.2410809552970389,0.3839684239347154,0.016039208373108238,-0.03660960086384376,-0.0218686019388812,-0.208210007034489
LPX,1.4267777777777781,0.1339922222222222,0.08706111111111113,1.7700036785235016,0.07676522442724755,-0.06031892204526949,0.19541680925186566,0.2319558645125893,-0.447557440637437,-0.4465491670699411,-0.4469185896276809,-0.3189379079825532,-0.5312502779476735,-30.27058661947855,-0.3937424945756579,-0.18575279272171133,0.00525304343642265,0.5864018152065067
FLR,-2.806,-0.18538333333333326,-0.04423333333333334,0.1488075476431707,-0.024713960579337755,0.029390494669298245,-0.09926726059767288,0.01643409111866119,-5.51357291887588,-6.128674666259418,-4.7636572939087065,-1.6241648125589134,-9.721880654830985,0.5684929291498536,-12.267245767111687,-1.3442372345605906,-0.06923499460681905,3.695468197923777
SUM,0.5477777777777778,0.05180333333333333,0.01663333333333333,1.3020409761001406,-0.0035333576358177023,-0.07029882539656455,0.21622406414131654,0.17087141448491858,0.14254476810758518,0.05414297070158595,0.11159056125157048,0.5198521987399243,-0.07124639113788994,0.20114022579193871,0.030805890101079706,0.011698600644720577,-0.008949909977187998,-0.34194761891583925
GFF,1.3044444444444443,0.1166,0.02727,2.049392446446749,0.030596609052447224,-0.05417513580133098,0.11040470308695996,0.2597609503452395,0.05067847379362489,-0.07277950285231989,0.003981377332635335,0.07934681629746536,0.24242241585458216,-10.119702768335713,0.17932717292980846,-0.000455956426770728,0.0018093142107241567,0.02359767254847189
HIL,-0.08044444444444443,-0.01875222222222224,-0.008645555555555556,-0.003627121505945042,-0.03140454295817627,-0.0002947244326554672,-0.08192719478845485,0.4822072337145853,0.4775501408626864,0.4778805077556455,0.5491038074967395,1.1034948563895584,0.7599893819354963,0.06306903833424034,0.8412400857729859,-0.0271537791909096,-0.0027789566755083953,-0.5248495417217152
PLPC,4.090555555555556,0.08480666666666667,0.056526666666666676,4.599321555555552,0.04917290882540978,-0.008233946708419886,0.1842150073793944,0.33988719341859513,0.20903314752980506,0.14521562942659316,0.12841441255869776,0.17438834820580315,0.010309278058573993,-0.21397240232316225,0.021358860731242008,-0.040118666471410935,0.009458488080585036,0.21639522521763985
EML,1.8127777777777776,0.12146555555555555,0.061038888888888886,2.096902962962963,0.05410105171612335,0.017868626748038588,0.2158055534790904,0.2767150133755851,0.2592351962229296,0.15561548041276388,0.02182865578691325,0.3880475442610314,-0.026419122977767242,0.2633429597105237,0.05914656898412899,-0.16618578341312673,0.012845136672658231,0.1412379274081656
ULBI,0.7492222222222222,0.13487777777777776,0.1126111111111111,0.36418677777777775,0.03083662561731345,-0.0182846815432026,0.11941035358012275,0.2336115081902845,-0.2676779622630031,-0.36553205862456,-0.3691735038859347,-0.021511047144011967,-0.061320816438140364,-0.5398728968776539,0.029275503269864056,-0.0591919591895493,0.016604406821718504,0.31914650561950664
FCEL,-4.744666666666667,-0.86311,-0.22944,-3.88963027963028,-0.1672698282955162,-0.20361143402843448,-0.2841966213218011,-0.024890954745720124,0.4510681321022271,0.12108973732507528,0.024370288535417933,0.4827924552355003,0.2458002342094339,0.3741919767052693,0.16344728100963446,-0.2857445777293106,-0.010464245643600326,-0.2843624373137396
EBF,1.3342222222222222,0.12344444444444445,0.09730444444444444,1.40131365982906,0.09510233939831626,0.04514909247912205,0.1721009312595468,0.3427710130391637,0.03041913852028122,-0.001576639107538802,0.016638777163766858,0.0247748119800942,-0.05000512745181248,0.07387441723522092,-0.013036372131190318,0.0263574776130698,0.00947099577930792,0.006098705308115293
DCI,1.8474444444444444,0.2735477777777778,0.11655222222222222,1.9060832323974048,0.13075523590581964,-0.002292899067334522,0.4428875287398255,0.4261381459764779,0.09256098982634246,0.018998782854169487,0.0210165919274824,0.07703293258036062,-0.11770724349031728,0.650966367305422,-0.10275505830530662,-0.07900007270748588,0.002793527710523172,0.06052604050718526
RAVN,1.0701111111111108,0.13419777777777778,0.11303777777777778,1.0429710869202535,0.0872010379453094,0.00901475321054382,0.2392582991021151,0.33172009728897023,0.08745031008027332,-0.03551866750963443,-0.05602330731049702,-0.032200451262466616,-0.08365270524572947,-0.1416273499573559,-0.0244587574804865,-0.05883628750034201,0.01616390269233202,0.3822249390402848
AZZ,1.9671111111111108,0.09106555555555557,0.049506666666666664,2.533144871794872,0.03174939554408853,0.010114252862215857,0.1173289267316022,0.19597965235659204,-0.04606564789713804,-0.10557814944509214,-0.07295743580215923,0.11496999138584768,1.2818662780312124,-0.17625391566838852,0.2284516057285537,0.12906022242023155,-0.006455810035020982,-0.07044563810404528
LXFR,0.5421111111111111,0.08469555555555555,0.035544444444444434,1.0841282378012933,0.0711065810605653,0.020107707060458085,0.26396146858909675,0.2767682348378641,-0.5998201360541661,-0.5818451520997894,-0.5561452760983872,-0.4508251048530367,0.19578613504550368,0.19418481832215093,0.055482068960928436,-0.001855337143398732,-0.0019827829330271614,0.1728448021988651
POWL,0.7070000000000001,0.027354444444444445,0.01758111111111111,0.6227979292929293,-0.006247988724565532,0.03415476964793452,0.05205094715172239,0.18382412817752514,0.5842497070734508,0.6035671010847231,0.5515835186815935,0.597010445559557,3.4657559697874403,-0.02250007541354637,1.5729955434143383,0.06753222293287338,0.013125880430578073,-0.3064554054392148
AAL,3.861111111111111,0.5178122222222222,0.039560000000000005,6.203804001457965,0.0369764343793089,-0.10028858498640296,-39.40090141822236,0.188130924255878,0.07359711412452807,-0.5833333333333334,-0.12730170042781566,0.014879104600738303,-0.1852670030425385,-0.5646121194477499,-3.8853251017450425,-0.05411998845557161,-0.10650290957549674,-0.1768210430112947
HL,-0.10666666666666667,-0.030161111111111118,-0.01901555555555556,0.007700350745225531,-0.059769878620564126,0.0024960351631856817,0.0016731789876863173,0.030932433760062918,-1.076926538727236,-1.2569680656073858,-1.2778094862049545,-0.9659015881635858,-0.8129273480578312,-0.2852528801554465,-21.05024516588364,-0.4983451247344153,-0.011681982300816962,1.149005218993912
TRQ,0.7811111111111112,0.017702222222222223,0.013331111111111113,0.5887230514096186,-0.00921422967633575,0.0,0.016947474915680855,0.03139861915026804,-0.866087962962963,-0.8720024519828813,-0.8641463490939929,0.4300390768649916,0.3874465049286213,0.0,0.3657013644147513,0.14726921821406122,-0.0013182073211664685,-0.022790112750418732
UUUU,-0.5211111111111111,-0.26843,-0.18869333333333327,-0.2827961251546437,-0.13443419517975355,-0.10023656218823768,-0.03509632111257599,0.05996522357472321,-0.06065826914037805,-0.17718648120958214,-0.21533183494772104,-0.06692420498899088,-0.1883503721152233,0.2749895894824944,-5.624655511811024,-0.6335529000457869,0.01983957611288196,0.22875290511434665
NEM,1.4447777777777782,0.06757555555555557,0.035454444444444434,1.0880944811441116,-0.005990327793254239,0.0042495270160195645,0.12002108928538115,0.08152703904163291,3.055500831183453,2.9160273061134965,3.018029222136287,1.5389645124897269,-3.194944744111868,0.1939789018481896,-0.17391642039038674,-0.15612757290957555,0.01173653292442728,-0.1111080958974262
EGO,-1.5022222222222217,-0.057297777777777774,-0.04047666666666666,0.06679739821204778,-0.02031505782031848,-0.004327576521371312,0.012760040104981869,0.024084823427993254,1.1463585493999002,1.2290148124901952,1.234832150409195,1.0161213121144217,-0.1898225221322024,-4.329211159881627,0.2606902563882601,0.21773968835776936,-0.0021705051947653216,-0.4804837920203239
KL,1.5064444444444445,0.2357022222222222,0.1726477777777778,1.5532462791184074,0.14700533878547986,-0.003099882710095962,0.3392655243028106,0.2682552997065182,0.9893906370635562,0.5992669258063268,0.5876494694772977,0.8957965048677232,1.2969861314662483,0.07274321888127967,0.4043496655954108,0.29020673133709524,0.05722931356166772,-0.015249695548183896
KGC,0.18899999999999997,0.04997444444444445,0.02896666666666667,0.18322408468928328,-0.049568194012354884,-0.00341507291802446,0.11435716895001022,0.09219619269379016,10.017858848695914,9.869327253546363,10.149018176359839,6.7077747366756215,0.6982191412620657,0.0,0.7790513931255941,0.6252495822636083,0.033586404465458665,-5.054117994011287
BTG,0.10944444444444444,0.06384444444444444,0.04285444444444445,0.12139446524791996,0.012978837491733371,-0.00039059352092732217,0.1345635524666382,0.12806608239096118,5.031941840904813,3.1144326070757664,3.5696204738141515,1.4353886300395144,0.7389884089619448,0.5833333333333334,0.6537859300041793,0.4199455680564397,0.027281020892998824,-0.7202067154571926
AGI,-0.1461111111111111,-0.022582222222222226,-0.016808888888888887,0.07694727610201453,-0.03517648347364568,-0.0038260244966571853,0.015700497957249343,0.02293202719521289,1.0329157425761728,1.0871788447698707,1.0943771807090132,1.832144798871288,0.3920010371634727,-0.2420211115713085,3.6279646099271416,4.310811371678555,0.020014623159132168,-1.0555854428814269
GORO,0.1078888888888889,0.05282111111111111,0.04464666666666666,0.11486631344835188,0.009348348290820102,-0.03974914486985252,0.18368762453649384,0.2172676289893413,-0.06564155375733227,-0.12945752308130676,-0.139289247581974,-0.10009908753906356,-1.75846286701209,-9.198216342432751,-0.2964503038187712,-0.2645637440615371,-0.005146812683133408,0.2678637629918021
GFI,-0.09144444444444444,-0.02481888888888889,-0.012493333333333334,0.3136735069392063,-0.01949870269827404,-0.0029914122556644732,0.1807812861342625,0.09956465784682986,1.3708685241678351,1.4218167000371245,1.3343125295826521,0.7474558054572693,0.5713624088253253,0.0,0.5109168973132329,0.3407960947269906,0.001638559191748355,-0.4744178965150939
NEE,2.5747777777777783,0.16310666666666665,0.049183333333333336,2.0620854482102664,0.007240531275968277,0.011380761164349187,0.2598964161482579,0.09595444858964924,-0.18374243281732272,-0.27745688013027137,-0.2403278221601166,0.11352816701055775,1.1697807240658071,-0.20499092356455192,-0.05040318630925281,-0.008740226306027074,0.0003503710325702212,0.1004318322421189
FSM,0.19855555555555554,0.05803444444444445,0.04434333333333333,0.212630551220762,0.023933242281591445,-0.024705071657604955,0.10747808448075748,0.11870412098176901,-0.12146806316513455,-0.16460207350853995,-0.18970052113121585,-0.16987369705228786,-0.3309315618547289,0.5344735591252721,-0.17801627521975996,-0.18605276182738506,-0.001539287483970828,0.2259515660471884
PAAS,0.2986666666666667,0.030722222222222224,0.022571111111111108,0.30003830264074616,-0.034263370410031836,0.0050830008241933506,0.06573031928996474,0.06156493853936727,2.3107247449930712,2.421241005826752,2.3110056144149707,0.8483402334887106,-1.1035367396067215,-0.2252129140869975,0.2333616602225629,0.2287737359738428,0.004003550061715348,-0.5482301175907456
AG,-0.5607777777777778,-0.16999666666666666,-0.11673888888888888,-0.058669205576817186,-0.09850118614015728,-0.013949406208345113,-0.0206222099607504,0.026533914372860474,0.3815127181360525,0.3604786585504416,0.3788480465142496,0.9077252027516312,0.372770394718751,-23.88210945916079,0.8844561253461528,2.484535149168744,-0.006551917607919813,-0.3399778818948685
WPM,0.4218888888888889,0.037017777777777774,0.03071333333333334,0.6120759286178802,0.002677322669610288,-0.002043274933905256,0.047312095026129146,0.05191523534287063,-0.11344488038458428,-0.12629039536874428,-0.1286402435619356,0.07863365014452417,1.5078634330006897,-0.14017898987493851,0.0073465730739101795,0.07133660408380334,0.005514265431016878,0.08859922916371199
SSRM,0.2191111111111111,0.02421,0.016613333333333334,0.3699128160161903,-0.021886922359757862,0.0,0.06181658164012506,0.07275187937303085,2.8467470239144173,2.4847832397116543,2.475432310491416,227.67633657777768,0.6505435751798847,0.0,1.9548566016096949,0.5127533335545936,0.003394655241303255,-2.932508387203633
GPL,-0.1378888888888889,-0.4193177777777777,-0.20300555555555555,-0.07311744447587328,-0.17081530753646396,-0.01977652053333129,-0.0132069226975366,0.08111965043917678,-7.633333460821048,-13.748079201467998,-8.403432637989166,-0.6304563864657199,-1.5474848080943686,-0.5833333333333334,-2.8459998826185866,-0.4851660390829031,-0.04045725869063238,1.0589745449791603
SVM,0.21544444444444447,0.11512777777777775,0.07914333333333333,0.2444831705554172,0.06962378838186611,-0.001348089698351537,0.16334857695749516,0.11315729946821496,0.07519230727415352,-0.011211570291515168,0.012764906998172934,0.06787238609693831,-0.06877995530752018,-0.6243769553402851,-0.05822204813620216,-0.033998996599276375,-0.0014004726763510206,0.28511269463342803
HMLP,1.5034444444444444,0.11132,0.05119444444444444,2.22110415954416,0.060789628837365675,0.03875931646747515,0.0,0.091442621762115,-0.1983409625632397,-0.25703341354077525,-0.20876916603146825,-0.023338854301576683,-0.0291799982344149,0.57074643607617,0.0,0.012738430796711922,0.004544687024147629,0.12062265296281713
HESM,1.477666666666667,0.14033666666666667,0.03150666666666666,6.19234447903211,0.0694123770478539,0.2746888507729944,0.014871306005719731,0.197075280774394,0.0007443500644956912,0.7025388824048225,-0.08927673052077267,0.11624045081280875,0.03325376268921465,-0.055840195170896736,-0.08333333333333333,0.07364644534968241,0.008425737211293034,-0.06812283553323195
TGP,0.8624444444444445,0.03903333333333333,0.013935555555555557,2.7533106004183345,0.02113744131636472,0.028300108116212645,0.0,0.050889619864674274,17.814295397281622,16.368765869095814,15.466123207526747,0.2907365211983233,0.3755153027761142,0.09868540660633868,0.0,0.20384478575630136,2.534093165292885e-05,-0.3121877533576547
SPH,0.9907777777777778,0.13599111111111112,0.02977,2.2542969365937418,0.010827401709298823,0.14294281810516896,0.0,0.16099516962201804,0.0613846109117839,0.2578907029578701,0.10209615527565068,0.002132718413465517,-0.06815430881720334,-0.021912788001131462,0.0,-0.013161357475832322,0.005252733946796677,0.1839281107416526
GMLP,1.0264444444444445,0.1021,0.02820333333333333,2.153990419599724,0.0367193998263928,0.32028122407431664,0.0,0.08483750056224636,-0.5809023188037924,-0.7488502173073102,-0.7454734066208515,-0.43029081331329694,-0.20082323837677296,1.2634160138967945,0.0,-0.1250223243213849,-0.013427151740139757,0.03320288543244615
DKL,2.489333333333333,0.0,0.11531333333333335,4.684487916666667,0.14026918995918994,0.16603997211345836,0.0,0.2285692515592516,0.03707200019974592,0.0,-0.16594958717203112,0.10233052087157997,-0.10671953992470168,-0.34887469626817985,0.0,-0.10347443968900544,0.0,0.03617740444885095
SGU,0.7246666666666667,0.1290611111111111,0.04796333333333334,0.9925981306876818,0.04374779752079048,0.05572334296029645,0.0,0.5669198222473442,0.7551759314295458,0.7475757229916996,0.5120495985442717,0.4783816678450103,0.6123757938484418,-0.02979158420098212,0.0,-0.06427650001320011,0.0011834127802608178,-0.4223219238462618
WES,1.5635555555555556,0.3260044444444445,0.048328888888888887,2.7394209997853496,0.043811925388865525,0.10135196657439914,0.0,0.1389723455996961,0.10775316060077,0.08548007105096432,0.34929007545297114,-0.09695838044532168,-0.027098158564447118,0.6554870713995495,0.0,0.05693214377497724,0.010007037275274428,0.03234921868837101
TCP,1.1388888888888888,0.11006000000000002,0.027597777777777773,3.7252461812538233,0.05916163406567615,0.07619841781152832,-0.07065527065527065,0.12260253339000322,1.6127408366062883,2.086068915120718,1.7661609722408191,-0.12221407607982675,-0.0651874353825624,0.2245835175483532,0.06306903833424034,-0.042333288472519236,0.008139416282901574,0.12101772976339853
GLP,1.2844444444444445,0.10267666666666668,0.01840222222222222,4.33649,0.017720311150393384,0.0803128175852716,0.0,0.2475264258303897,-0.3729610844539849,-0.3726029415217212,-0.3901709141895841,-0.07164946933827865,0.32202136337173903,0.5054345392471646,0.0,-0.045816736891508635,0.009454266850709952,0.24058826088484084
HEP,1.9438888888888888,0.4562644444444445,0.0872888888888889,2.670913348937315,0.07163655060271003,0.12705601310691358,0.0,0.11971179643360688,0.09787892506627324,0.1973417031835077,0.1741663513872822,-0.034055860458298594,0.05325893101623228,0.7115716537520176,0.0,0.035764305770172936,0.0035393641814616336,-0.05499720210721925
HLX,-0.05544444444444443,0.000454444444444446,0.002303333333333333,0.0503802490056559,-0.03826194640155136,-0.05509447812627192,-0.002879809488553538,0.03575915408131212,0.5276953093234392,0.4680123268953918,0.4883929863922212,2.397642810486377,0.25337655689214844,0.1380711874576984,0.6178227767206587,0.23628731366758515,0.03718539125866293,-0.11947881438599167
CINR,2.3802222222222222,0.3017033333333333,0.10494,4.871929824561404,0.14477257194296864,0.12625262901557066,0.0,0.25652792988786777,0.023413114815920826,-0.019550906231004642,-0.007530002228728683,0.1540256934764496,0.13503127996657915,0.07260546551078499,0.0,0.03675468765353137,0.0007449999999999991,-0.0009429720422605149
BKEP,-0.7291111111111112,-0.11754666666666667,-0.08834,0.792422910639496,0.01059340791854762,0.7933864689492081,0.0,0.4700436508600636,0.31890416432378405,0.20114022579193871,0.2677764989039944,0.12420945438387032,2.632272320538491,-0.32144354147706605,0.0,0.1514804293230069,0.0013446284587293675,-0.08586522082737091
NS,-1.3278888888888891,-0.049388888888888885,-0.021898888888888884,3.638869164817127,0.013129735991095293,0.13911854681354122,0.0,0.08100435144564698,-0.8504807779965722,-0.8502220180211971,-0.9638488002432052,-0.015426460755477822,0.9762314671455364,0.5795392676230945,0.0,0.04479428448073678,-0.01609111037742889,-0.22118257652275267
AMKR,0.6143333333333334,0.08906444444444445,0.03320777777777778,0.7918508303687157,-0.06630421596318044,-0.0017368655428711027,0.18016837663659555,0.15159582716615494,-0.051525965404017285,-0.14813192787583307,-0.08449043243167427,-0.009522884704166179,0.05402158289259407,-3.455802251245379,-0.1094915531346294,-0.06110044953171275,-0.006844298710516938,0.09982280905107313
INTC,4.394333333333334,0.2585533333333333,0.1461011111111111,4.204336007399299,0.08486793825845032,-0.02782770934741411,0.4571539051503487,0.3076681866897854,0.11147719665429696,0.009860542452760431,-0.01880604255755036,0.09311922981930028,-0.07556053173473476,-0.5255430891178731,-0.003717744572218,-0.06418469663894177,0.006489103850295407,0.06625158066406027
SIMO,2.263111111111112,0.16694666666666666,0.12629111111111113,2.231909246031746,0.12181610039811733,0.012282786404431563,0.3910210343814401,0.36533546829033137,-0.12199540368260545,-0.20140461536441454,-0.18340436987996367,-0.15220213558463255,-0.2678539752148182,0.19074301481375333,-0.1131653297966842,-0.102122872986169,-0.016117154355786353,0.12612831569159785
DAC,1.5023333333333333,0.04146000000000001,0.012632222222222222,18.905618686868685,0.03407626700185271,0.0,0.2026969460847461,0.08857210205510056,1.1121521134701722,1.3934758792842188,1.8907088574346682,-0.2672966091470304,0.12739876519944884,0.0,-0.11879385244913394,0.03808139420161849,0.002117415331579782,-0.04003699485500453
GLNG,-2.085,-0.12195444444444445,-0.04529222222222222,0.4045981125223024,-0.011650124074887663,0.02957357151358848,-0.03581292666461232,0.017867986761256067,-0.01130679558871909,-0.08378574345164769,0.006645584277287639,0.4777148145531976,1.2658809659408805,0.6444462056555721,0.7077634027268808,0.7065738194792061,0.012038356440446814,-0.0655432132135943
TGH,0.7692222222222223,0.036627777777777766,0.00936222222222222,2.9290349122807013,-0.017990967994161968,0.011983242982676293,0.2402671013467329,0.0966150942787362,0.227000302890806,0.18980725569941054,0.15158905155046934,0.07655975718308379,-0.007456000839369519,-0.5868852451398608,0.008878497204840905,-0.016158973991532804,0.0004308149126393777,-0.07970533387663427
SB,-0.21,-0.03257222222222222,-0.01636888888888889,0.3631215264214822,-0.010308171810162015,0.06148848281837607,0.07056987184959157,0.07227524951902932,-0.04142215011337935,-0.03408195545478895,-0.036478808025039,0.2524189314092533,-0.4040138036749095,-0.15806529566904326,0.4354248184804049,0.16816661587960569,0.02592612481444016,0.47056661538145295
LPG,0.4757777777777777,0.02749333333333333,0.01661666666666667,1.194440900230374,-0.0006189988704667872,-0.034324706847299415,0.031205748499988407,0.053579547187486684,1.643286162109201,1.6317242172842106,1.655925029178895,8.952387530217289,1.0244449232633308,-17.434904857649382,1.699360521753714,2.6941386068447457,-0.00043073500626777776,-1.637535829542896
GASS,-0.10422222222222224,-0.007145555555555556,-0.003991111111111111,0.5497018970189702,-0.017815410088663608,-0.014691300558956231,0.003621641432892826,0.03195520468170058,0.6771957863542135,0.6894887468827238,0.6860174061671074,0.01727097290537157,0.016822354938658395,-0.4486893266508107,0.7505279919480415,0.06005199905908139,-0.0001986556582447327,-0.3333241625404326
KNOP,1.9982222222222223,0.08974333333333333,0.03632333333333333,3.481605970819304,0.020870464205038925,0.05118555420727218,0.0,0.07030438542721043,-0.06696893964518895,-0.16674727244056628,-0.16810596245586434,0.10424926726072004,0.08946510007249446,0.35503910972051195,0.0,0.08575370337044037,0.0022177512696253173,0.04269913212895321
FRO,0.1101111111111111,0.018692222222222225,0.005815555555555554,0.8043005136766967,0.013720078740132126,-0.0006915938409945949,0.031957142977177166,0.05146815692484031,5.687650424605462,5.064436236532573,5.220567677162632,1.4058087094078506,1.6521717574555117,-0.868444561673812,1.805941162782699,0.7456249956093094,-0.0003303691440841418,-1.8571049170438807
EURN,0.2185555555555556,0.019574444444444443,0.010584444444444443,0.34363158709694225,-0.055934876196987865,0.014313603755817332,-0.00044770569774638574,0.03302371300092441,2.6063560590621995,2.996238846802805,2.638302301467993,3.2661150161520363,0.11590520711586386,-0.5570234981788571,0.6962432391169482,3.3185320835169785,-0.02256364872879781,-1.0933832450948209
STNG,-2.8247777777777774,-0.054623333333333336,-0.02064111111111111,2.4290367965367965,-0.019387214164359942,-0.17283713215271865,-0.035151005521056634,0.029419532310505307,0.306297969548585,0.2677956590152149,0.2686286515751866,2.811759639093796,0.1586824116112315,0.4341821316986522,0.22163192173088286,0.7686834274272535,-0.017085,-0.5252081351502093
TNK,0.322,0.007827777777777774,0.002292222222222222,1.9772044916034048,-0.019647820286335924,-0.0250620371525331,0.021263039568376208,0.04930061101889046,0.6518378107030206,0.6910028638479763,0.6875340241428468,29.5184154718075,0.3182292229410591,-0.4369309616657597,1.1316244799544852,1.044691859752994,-0.0192475022792703,-1.0878941504368118
TNP,-2.635,-0.03015111111111111,-0.013511111111111113,4.809404502541756,-0.013701578468228549,0.13975744167049853,0.01425234003021414,0.03494317447021313,0.018487960681707254,0.0062658749357970365,-0.019540340738318025,0.6212729396345144,0.28159408969215377,0.4381442257640949,0.9512488758525952,0.4341446782984428,-0.014056207097580443,-0.5541550401065363
TRTN,3.9496666666666655,0.1484122222222222,0.032025555555555564,7.133890099671099,0.0030769633598558372,0.003812047393624573,0.37252270502464396,0.12568669917313302,0.12162567726063901,0.008390039697850238,0.0046250100278924676,0.15078676497052967,0.7090055029597966,-0.5345307724120161,-0.05922855577583689,0.031785076152858416,0.008879416672620925,0.08088357149213643
NNA,-4.902777777777779,-0.14007111111111112,-0.03456333333333333,2.8168253968253967,-0.017770588959353673,0.2730832408469616,-0.1387628166552895,0.093534568209246,0.07073331878492471,-0.2242184344191165,-0.0723459330470048,0.8359429312476179,0.17481057868949024,-1.1631709608434175,-0.10001216296393103,0.3686521647127076,-0.06886979130295427,-0.4626601520852864
GSL,-5.454222222222223,-0.10683,-0.039482222222222224,9.389096507936507,0.03805941010364463,-0.03874197835814427,0.0620410730202224,0.08277657072489616,0.6273286983161176,0.6790437036672484,0.6565287488729709,0.003777593127105757,0.4223332830632485,-3.7772068989478575,0.5614349606355772,0.15114423690545373,0.0005264341282790151,-0.4637027963754177
ASC,-0.6646666666666667,-0.06274,-0.02634555555555556,0.276134905982906,-0.02947411328915048,-0.031770823559438,-0.03743705982945267,0.0300274952601706,-0.1831180495480096,-0.1916559439738692,-0.2566697398079247,0.8884682511716173,0.0996177872832028,0.3880711874576984,0.13588118643399513,1.7879010875106771,-0.021578456349560914,-0.5297582937034286
STLD,3.5552222222222216,0.22867222222222225,0.11299444444444445,4.071050938361749,0.11700352222807595,-0.02439082218679156,0.290755958508416,0.2303250119215955,0.06046476707635399,-0.057591336329036937,-0.032727227997412345,-0.06626969323329543,-0.004398561724262785,-0.008329525741196721,-0.1099564675751639,-0.12406626633862344,0.02712271344660902,0.4484387592330439
WOR,2.292,0.15835333333333332,0.05663444444444445,2.0045426919110394,0.021975348564224145,-0.04101914153642163,0.13203044670426586,0.1994712327257672,-0.29717992818112665,-0.3111398002363302,-0.3289240992606711,-0.15918340176841106,-0.4152997853883417,0.523792525017765,-0.17541315464637172,-0.03382027293249845,-0.014513297658871212,0.09014693977110592
TX,4.653777777777779,0.16396444444444444,0.07763555555555557,5.478057970521542,0.06915358581057869,0.043239068416337685,0.25455201803853106,0.1878831900643068,0.3657970226771456,0.20231113468960013,0.2421253644553249,-0.12562168830966344,-0.5137871457885731,-0.04729692100780036,-0.29995354842089844,-0.2170608442266626,0.005757038504000998,0.4600805381654183
IIIN,0.9796666666666668,0.07968888888888889,0.062218888888888886,0.977208187134503,0.03221261740052553,0.01946748530919915,0.09813758906210444,0.16405866100613614,0.6477592125846123,0.5774672144171812,0.6272053498596984,0.916358401069134,0.4454315896679701,-0.5222589959353208,1.050446947067649,0.1216665428562144,-0.0317326726266753,-1.239947412142763
CMC,1.6362222222222218,0.12054666666666665,0.05375111111111111,2.094894562888461,0.045918852332359684,0.02346847236476847,0.15770655085650034,0.2104442004449341,0.4321002267204944,0.3154637880021936,0.3284065300943689,0.2718943924564237,0.4401898946721437,-0.0076357633642406934,0.2340474092944288,0.08557727107980387,0.01909778809210695,0.02468366783238501
NRG,3.437333333333333,-0.5397733333333333,0.11012333333333332,4.020851415052922,0.040830090245676576,-0.09565496230090052,-0.4005196284282143,0.17429025405445894,6.5794339831983315,0.20114022579193871,8.431636348997342,0.2389342684648691,2.1714654070047223,-8.571891686274402,0.8636088238398748,0.18422308982632787,0.11571410864489838,-0.07050381794115645
VST,-0.3594444444444444,0.030798888888888886,0.08641555555555556,1.3549834919373247,-0.02566212315138152,-0.038058575848418034,0.2098547778151987,0.12885305712595654,6.464241566877034,5.972287349866978,5.098829975634816,1.4422728161518827,0.5882002335700538,-0.12118002992773168,1.3414796476441753,0.3179047913353507,0.01506560658454254,-0.6509344202635808
SPKE,0.09366666666666668,0.08101555555555556,0.0055099999999999975,1.831131916971917,-0.022435874196102767,0.09173420366780292,1.0633393345719278,0.4447627191664785,-0.13390115640455594,-0.1568701032438882,-0.1293006546637502,1.2030924466363055,-0.20275369932580345,0.2378670504327309,-0.19929346385658964,0.1023741568301172,-0.12202294606986945,-0.6999591027660064
ARTNA,1.528,0.0952,0.028036666666666668,1.9727408641975308,0.029099353715092324,0.022851739029245317,0.22228299636837512,0.07736831855542547,0.04329116616182849,0.0022801293021163693,-0.015805405318821502,0.041417181076064034,-0.10253275660163924,0.0399686811642882,-0.0341502843546192,-0.03862970760922909,9.74999999999995e-05,0.008833696400680213
PICO,-0.1524444444444445,-0.0017277777777777786,0.006725555555555555,0.18323759332454986,0.025251745452718955,0.03891894346095399,0.010408181100491798,0.06447050101741529,3.1169547313615062,3.3910171994557743,4.009684406055853,2.804585184620698,4.533529348562656,-0.0821065393080469,3.352350472441675,1.0190057497863834,0.021974372433774186,-2.2781359061560646
NWPX,1.2437777777777776,0.05443555555555556,0.04442444444444445,0.17273911111111112,-0.02598034470502128,0.0,0.011566187429416095,0.07236945616056799,0.6123718382324767,0.5476720079151066,0.5190300087911828,2.4995665548100536,0.9748034761450884,0.0,2.2753155627323842,1.7793251542055697,0.0399281006269363,-0.2440350876709118
RADA,-0.09355555555555556,-0.10061,-0.03543888888888889,-0.041473341473341474,-0.044071265533253835,-0.07570409992694452,0.029780544036221074,0.19827065289053594,-2.2101225339082093,-4.024158467819504,-3.690868654493534,-0.5644425227146095,-0.889296979827524,0.5021446338317107,0.3378819494855688,0.20610327779194226,0.04881364034672342,0.7032851166831435
INVA,1.9411111111111108,0.2319833333333333,0.4535188888888889,1.6906430092944509,0.35252663023896924,-0.01059111894697968,0.6176492835458779,0.4255404119349257,0.10973619682336226,0.5833333333333334,-0.06371944135019962,0.1727540248919779,0.08619090857012486,0.290497867418406,0.4175757827313936,-0.05961212547507162,0.110365,0.4007799409004215
PFE,2.4104444444444444,0.21812444444444445,0.08514333333333332,2.2444691034505446,0.04926137993527474,-0.005390557633592319,0.398564387745529,0.2511204742031319,0.2352604798187469,0.23351654433866986,0.20732604778881408,0.009441038215775169,-0.03603704267106811,-0.10651174389358137,0.02245411581230894,-0.012629585505703995,0.007497568050952702,-0.04201659848320652
CVS,3.333666666666667,0.08363444444444444,0.02986,2.9677718544994955,0.0492960726483454,0.005490390290597193,0.6260572389870167,0.21858589042788454,3.2746318392733484,3.162649964027298,2.749793487388104,0.8886535261733994,-0.2058494594966259,0.4293049296953086,0.09536704903868223,0.006667555556891432,-0.03303287924611832,-0.7304462013670625
GME,-3.5838888888888887,-0.27055555555555555,-0.08572333333333332,1.928190194784156,0.025185533758304453,0.17792627937696953,0.11124347623741797,0.5957943539752971,-2.9446577596924226,-5.748196202551153,-3.6612374269936105,-0.6158910054118876,-1.0019103688648163,-0.5230005640046647,-0.8284865346269659,0.11974286707587765,-0.06296064172669298,0.1516781715020597
AMC,-0.8843333333333333,-0.05102111111111112,-0.007423333333333335,2.039828689775833,-0.01953248531648914,-0.016584639278526343,1.371786963561146,0.3116397941939296,-1.6095373705792757,-1.0865580978781917,-0.7367096450966648,0.11586104106045865,-0.624774040431267,1.3747281142483698,0.2081038039565338,-0.16645237356983536,0.004657500000000002,0.09059982035198404
ORCL,2.522333333333333,0.3576266666666667,0.07752111111111111,2.9230745364037616,0.09478210841005666,-0.11828524000009835,1.0031481370629756,0.26567921741853184,0.3483472067840369,0.9853454761217912,0.2762078560443151,0.3601103787260671,0.01958081570680004,-0.034731289586162374,0.7393196196371711,0.008484802856938386,0.05336727703717356,0.01831421588890203
HCC,7.693888888888887,0.70578,0.3344111111111111,6.598504806182432,0.21184367986640493,0.3280852357440865,0.6807734806637162,0.3856971824926384,-0.16018026089504714,-0.2323628586578328,-0.22900479276948524,-0.08372599687169302,-0.05753223011994705,-0.14885305383639028,-0.10951404975445504,-0.02946956822859559,0.11352641636348375,0.323686767983184
GPP,1.7154444444444443,0.029786666666666663,0.5395922222222223,1.8997566636473429,0.5476277032457301,0.19856116643074626,0.0,0.9627940434373908,0.07107840979645919,-0.08333333333333333,-0.13379702657598605,0.21273884760885625,0.02085709765759014,0.3667655214248622,0.0,-0.1427898519858796,0.0321333419664955,0.19807002440212387
PDS,-8.156027111111111,-0.08683777777777778,-0.03899444444444445,-0.7370516296296297,-0.1041207537665536,-0.02795228099691593,-0.07526405761839107,0.02882694480041038,0.5476924027463201,0.5511935754267488,0.5508110705991409,1.61416580761913,0.11057743149840568,-0.7806753913561503,0.3429559798961654,1.1829098515028398,0.00908491564532894,-0.3986785798530164
BNTX,-0.33486740000000004,-0.3149255555555556,-0.1570711111111111,-0.3316019154468817,-0.16702326191520994,-0.026972245196399455,0.0594576245501225,0.1240633250644051,-1.3587285469476438,-0.27144953004651423,-0.6477118567633349,-1.38123433736233,-0.597472630572792,0.6156185967308379,0.010875759765369027,-0.0633178970845449,-0.033665710255731215,0.5041434768172857
PACB,-0.6892222222222222,-0.9835044444444444,-0.5765066666666667,-0.7348147839153218,-0.6605478015320984,-0.07384618840632186,-0.4481165567219279,0.2235479765963682,0.11913882038854955,-0.06271183565920696,-0.0005629009719656154,0.07733485971183691,-0.16736494958504713,0.5344735591252721,-1.5298125472774953,0.15629413160790348,-0.03540291614568044,-0.209361813315994
NVS,4.315111111111111,0.15205,0.07624666666666667,3.292602431277623,0.02613068666007316,0.015179571040025625,0.30574783236550124,0.26022283665144497,-0.14553217562842327,-0.03746594523275256,-0.12377738075452975,0.09055866262950962,0.09100349102875804,0.918970058330148,0.13264779352708225,0.00986677396129476,0.013240844036936787,0.05607711869330656
BMY,2.076222222222222,0.2071111111111111,0.08140777777777779,1.981777400442556,0.08012390903932327,-0.00033001503561745003,0.5844657774813087,0.33972002391451633,0.231833479227934,-0.17540757188772313,-0.18740423178550267,0.5666796834198002,-0.3939551607799936,-5.323442816734313,-0.44504407912000016,-0.4556830226981422,0.003053351372809473,0.3051927585768221
ONVO,-4.779999999999999,-0.6349022222222223,-0.5734188888888889,-5.04,-0.7117283022081226,-0.15201615209146732,-0.41634408602150536,0.06790759173941757,0.2596142027239052,0.05799677299470115,0.05056440780551127,0.1876629770658716,-0.09814752771863526,0.3531663704084185,-0.38819235993184975,0.13521770489993648,0.008145740574066307,-0.026774990876029803
INCY,0.6477777777777777,0.06822222222222224,0.04343888888888889,0.7118503278981541,0.0325479809691288,-0.008400005953779259,0.8696526839079781,0.6415238399662837,1.9074244584488664,0.971157956910788,1.3891016754020136,1.0495908754041563,1.1851762383513298,0.1380711874576984,-0.16732717458192325,-0.06407526854589596,0.023399533811350442,-0.4246792973024122
IONS,1.3734444444444445,0.1633,0.07162777777777778,0.5818536109634709,0.022835290678435764,-0.03236334488238561,0.7726169288460819,0.31262156864900065,1.0698755041152033,0.3823599079511471,0.8227535101519802,2.936404506486844,2.250642798482456,-0.00866545475256153,0.09990380526052813,0.17427103621461848,0.03802868018479204,-0.3681571087280801
